{"joints_1":[-0.30536539800614145,-0.6392579128720421,-0.0003214000653995503,-2.26571049101224,-0.0006394851176943485,1.6249488462014437,0.4798969519454696],"joints_2":[1.4204892538637269,-0.4345480961919756,0.0011168654455707916,-2.108356155735108,0.0002323698156024522,1.6731117941692857,2.2063482537667777],"path":[[0.33722197844456966,-0.10660009552444054,0.4868825292901978],[0.36499059411790477,-0.1179536845423066,0.4868825292901978],[0.371714017330244,-0.1471905718647932,0.4868825292901978],[0.3758432724426432,-0.17690503386929069,0.4868825292901978],[0.38017254784776158,-0.20659101329505054,0.4868825292901978],[0.3850028825634593,-0.23619959087882387,0.4868825292901978],[0.3911461170663422,-0.2655638662801102,0.4868825292901978],[0.4003229781921633,-0.29412582034276837,0.4868825292901978],[0.41441396482792977,-0.3206106102349055,0.4868825292901978],[0.4324772420193178,-0.3445630217441269,0.4868825292901978],[0.45382792681296749,-0.3656378469828381,0.4868825292901978],[0.48092615480729508,-0.3785097559153718,0.4868825292901978],[0.5109214243903536,-0.37797702461382806,0.4868825292901978],[0.5371745190582381,-0.3634589317515029,0.4868825292901978],[0.5546227028778521,-0.33905481567660769,0.4868825292901978],[0.568488973839751,-0.3124516856049188,0.4868825292901978],[0.5814859648940598,-0.28541322737346228,0.4868825292901978],[0.5935446718626434,-0.2579434697071516,0.4868825292901978],[0.6037708859075297,-0.22974019779930075,0.4868825292901978],[0.6138252331188665,-0.2014751999724145,0.4868825292901978],[0.6246348500056245,-0.17349034366116079,0.4868825292901978],[0.635423167106016,-0.14549726926513563,0.4868825292901978],[0.6447034696372335,-0.11696875747554032,0.4868825292901978],[0.6505964869269226,-0.08755324545852071,0.4868825292901978],[0.6550515293515015,-0.05788587959979974,0.4868825292901978],[0.6571686997322221,-0.027960679691043927,0.4868825292901978],[0.6569677524159635,0.0020386473043419557,0.4868825292901978],[0.6548986383330442,0.031967208360828867,0.4868825292901978],[0.648354074811272,0.06124465169711575,0.4868825292901978],[0.6374097566128438,0.0891771041345863,0.4868825292901978],[0.6226078870701173,0.11527125401612303,0.4868825292901978],[0.6049706921095236,0.13953912071103484,0.4868825292901978],[0.5849920389561291,0.16191887536063633,0.4868825292901978],[0.563803170534245,0.1831563859256739,0.4868825292901978],[0.5419893600504149,0.20375147447065335,0.4868825292901978],[0.5197374816753567,0.22387245627526768,0.4868825292901978],[0.4979980977391344,0.24454609132267814,0.4868825292901978],[0.47582015910658256,0.26474854260985528,0.4868825292901978],[0.4525711426924117,0.28370858574729609,0.4868825292901978],[0.4281784776811621,0.30117277463911,0.4868825292901978],[0.40359192533080859,0.3183629300637513,0.4868825292901978],[0.37839327988861579,0.33464261887768928,0.4868825292901978],[0.35225605640181148,0.349368295378307,0.4868825292901978],[0.32561519822747689,0.36316194158715939,0.4868825292901978],[0.29940666034996829,0.3777603162337834,0.4868825292901978],[0.27135766991989399,0.388402408878259,0.4868825292901978],[0.24136451180868127,0.38904308548606966,0.4868825292901978],[0.2117877478140181,0.38402162836646816,0.4868825292901978],[0.18225641654011483,0.37873953851575739,0.4868825292901978],[0.15247582635563168,0.38236120225827488,0.4868825292901978],[0.124101334826377,0.39210226125903327,0.4868825292901978],[0.09748694223036178,0.4059469030653484,0.4868825292901978],[0.06977280726335158,0.41743283894495106,0.4868825292901978],[0.03750242848307252,0.41837378208186429,0.4868825292901978]]}
